Designator,Footprint,Quantity,Value,LCSC Part #
"C1, C12, C3, C33, C35, C37, C39, C5",0805,8,0.1 uF,
"C10, C7, C8, C9",0805,4,22 pF,
"C11, C32, C34, C36, C4, C6",0603,6,10 uF,
"C13, C42, C43",CAP-SMD_BD10.0-L10.3-W10.3-LS11.0-FD,3,RVT470UF35V67RV0056,C2836436
"C14, C16, C18",0805,3,0.1uF,
C19,0603,1,3.3 nF,
"C2, C30",0805,2,100 nF,
C20,0603,1,100 pF,
C21,0805,1,10 nF,
C22,0603,1,270 pF,
C23,0603,1,1uF,
"C24, C29",0603,2,1 uF,
C25,0805,1,100nF,
C26,0805,1,2.2uF,
C27,0603,1,2.7nF,
C28,0603,1,150 nF,
C31,0805,1,15 uF,
C38,0603,1,3.3uF,
C40,0402,1,68pF,
C41,0603,1,47 uF,
"D1, D2",SMB_L4.6-W3.6-LS5.3-RD,2,SMBJ33A_C224019,C224019
D3,SOT-23-3_L2.9-W1.3-P1.90-LS2.3-BR,1,CMPD2003 TR PBFREE,C17378378
DC1,DC-IN-TH_DC-005-A200,1,DC-005-A200,C720557
FB1,0805,1,FerriteBead,
"FID1, FID2, FID3",Fiducial_1mm_Mask2mm,3,Fiducial,
J1,USB_C_Receptacle_HCTL_HC-TYPE-C-16P-01A,1,USB_C_Receptacle_USB2.0_16P,
"J2, J4, J5",PinHeader_2x06_P2.54mm_Vertical,3,Conn_02x06_Counter_Clockwise,
J3,TerminalBlock_Xinya_XY308-2.54-2P_1x02_P2.54mm_Horizontal,1,Screw_Terminal_01x02,
"J6, J7",PinHeader_1x03_P2.54mm_Vertical,2,Conn_01x03_Pin,
L1,IND-SMD_L5.2-W5.2_MCW-0530,1,10 uH,C181721
L2,IND-SMD_L7.0-W6.6_FXL0630,1,8.2 uH,C167222
L3,IND-SMD_L6.7-W6.7_CDRH6D26HPNP-4R7PC,1,6 uH,C879413
"Q1, Q2",PDFN-8_L5.8-W5.0-P1.27-LS6.0-BL,2,SI7850DP_C18197826,C18197826
"Q3, Q4",POWERVDFN-8_L6.2-W5.2-P1.27-LS6.0-BL,2,BSC014N06NS,C113391
"R1, R2",0805,2,5.1K,
R10,0805,1,12.4K,
R11,0805,1,18K,
R12,0805,1,1.21K,
"R13, R19, R28",0805,3,100K,
R14,1206,1,0.01,
"R15, R24, R25, R26, R27, R31, R9",0805,7,10K,
R16,1206,1,0,
R17,0805,1,3.74K,
R18,1206,1,5m,
"R20, R21",0805,2,17.4K,
R22,0805,1,50K,
R23,0805,1,1K,
R29,0402,1,100K,
"R3, R4",0402,2,22,
R30,0603,1,13.7K,
"R5, R6",0805,2,4.7K,
R7,0805,1,102K,
R8,0805,1,21K,
SW3,SW-TH_RS601A-1020013BB,1,RS601A-1020013BB,C5124216
U1,DIP-28_W7.62mm,1,ATmega328-P,
"U10, U8, U9",SOP-24_L15.4-W7.5-P1.27-LS10.4-BL,3,MAX7219M/TR,C6705351
U11,SOT-23-6_L2.9-W1.6-P0.95-LS2.8-BL,1,TPS54202DDCR,C191884
U2,SOIC-16_3.9x9.9mm_P1.27mm,1,CH340G,
U3,SOT-23-6,1,MCP4725A0T-E/CH,
U4,TSSOP-16_4.4x5mm_P0.65mm,1,INA260,
U5,HTSSOP-20_L6.5-W4.4-P0.65-LS6.4-BL-EP,1,LM5116MHX,C13755
U6,VQFN-20_L3.5-W3.5-P0.50-BL-EP2.1,1,LM51231QRGRRQ1_C6286802,C6286802
U7,F2920,1,2920L500/30GR,C19078763
Y1,Crystal_SMD_3225-4Pin_3.2x2.5mm,1,16MHz,
Y2,Crystal_SMD_3225-4Pin_3.2x2.5mm,1,12 MHz,
